Column1,Column2,Column3,Column4,Column5,Column6,Column7,Column8,Column9,Column10,Column11,Column12,Column13,Column14,Column15
Data11,Data12,Data13,Data14,Data15,Data16,Data17,Data18,Data19,Data110,Data111,Data112,Data113,Data114,Data115
Data21,Data22,Data23,Data24,Data25,Data26,Data27,Data28,Data29,Data210,Data211,Data212,Data213,Data214,Data215
Data31,Data32,Data33,Data34,Data35,Data36,Data37,Data38,Data39,Data310,Data311,Data312,Data313,Data314,Data315
Data41,Data42,Data43,Data44,Data45,Data46,Data47,Data48,Data49,Data410,Data411,Data412,Data413,Data414,Data415
Data51,Data52,Data53,Data54,Data55,Data56,Data57,Data58,Data59,Data510,Data511,Data512,Data513,Data514,Data515
Data61,Data62,Data63,Data64,Data65,Data66,Data67,Data68,Data69,Data610,Data611,Data612,Data613,Data614,Data615
Data71,Data72,Data73,Data74,Data75,Data76,Data77,Data78,Data79,Data710,Data711,Data712,Data713,Data714,Data715
Data81,Data82,Data83,Data84,Data85,Data86,Data87,Data88,Data89,Data810,Data811,Data812,Data813,Data814,Data815
Data91,Data92,Data93,Data94,Data95,Data96,Data97,Data98,Data99,Data910,Data911,Data912,Data913,Data914,Data915
Data101,Data102,Data103,Data104,Data105,Data106,Data107,Data108,Data109,Data1010,Data1011,Data1012,Data1013,Data1014,Data1015
Data111,Data112,Data113,Data114,Data115,Data116,Data117,Data118,Data119,Data1110,Data1111,Data1112,Data1113,Data1114,Data1115
Data121,Data122,Data123,Data124,Data125,Data126,Data127,Data128,Data129,Data1210,Data1211,Data1212,Data1213,Data1214,Data1215
Data131,Data132,Data133,Data134,Data135,Data136,Data137,Data138,Data139,Data1310,Data1311,Data1312,Data1313,Data1314,Data1315
Data141,Data142,Data143,Data144,Data145,Data146,Data147,Data148,Data149,Data1410,Data1411,Data1412,Data1413,Data1414,Data1415
Data151,Data152,Data153,Data154,Data155,Data156,Data157,Data158,Data159,Data1510,Data1511,Data1512,Data1513,Data1514,Data1515
Data161,Data162,Data163,Data164,Data165,Data166,Data167,Data168,Data169,Data1610,Data1611,Data1612,Data1613,Data1614,Data1615
Data171,Data172,Data173,Data174,Data175,Data176,Data177,Data178,Data179,Data1710,Data1711,Data1712,Data1713,Data1714,Data1715
Data181,Data182,Data183,Data184,Data185,Data186,Data187,Data188,Data189,Data1810,Data1811,Data1812,Data1813,Data1814,Data1815
Data191,Data192,Data193,Data194,Data195,Data196,Data197,Data198,Data199,Data1910,Data1911,Data1912,Data1913,Data1914,Data1915
Data201,Data202,Data203,Data204,Data205,Data206,Data207,Data208,Data209,Data2010,Data2011,Data2012,Data2013,Data2014,Data2015
Data211,Data212,Data213,Data214,Data215,Data216,Data217,Data218,Data219,Data2110,Data2111,Data2112,Data2113,Data2114,Data2115
Data221,Data222,Data223,Data224,Data225,Data226,Data227,Data228,Data229,Data2210,Data2211,Data2212,Data2213,Data2214,Data2215
Data231,Data232,Data233,Data234,Data235,Data236,Data237,Data238,Data239,Data2310,Data2311,Data2312,Data2313,Data2314,Data2315
Data241,Data242,Data243,Data244,Data245,Data246,Data247,Data248,Data249,Data2410,Data2411,Data2412,Data2413,Data2414,Data2415
Data251,Data252,Data253,Data254,Data255,Data256,Data257,Data258,Data259,Data2510,Data2511,Data2512,Data2513,Data2514,Data2515
